{
    "ambientocclusion": false,
    "textures": {
        "particle": "#torch"
    },
    "elements": [
        {   "from": [ 7, 0, 7 ],
            "to": [ 9, 10, 9 ],
            "shade": false,
            "faces": {
                "down": { "uv": [ 7, 13, 9, 15 ], "texture": "#torch", "cullface": "down" },
                "up":   { "uv": [ 7,  6, 9,  8 ], "texture": "#torch" }
            }
        },
        {   "from": [ 7, 0, 6 ],
            "to": [ 9, 11, 10 ],
            "shade": false,
            "faces": {
                "west": { "uv": [ 6, 5, 10, 16 ], "texture": "#torch" },
                "east": { "uv": [ 6, 5, 10, 16 ], "texture": "#torch" }
            }
        },
        {   "from": [ 6, 0, 7 ],
            "to": [ 10, 11, 9 ],
            "shade": false,
            "faces": {
                "north": { "uv": [ 6, 5, 10, 16 ], "texture": "#torch" },
                "south": { "uv": [ 6, 5, 10, 16 ], "texture": "#torch" }
            }
        }
    ]
}
